Sergey,1946722087, /hi
Sergey,1946722087, /time
Sergey,1946722087, /sum 123 345
—Â„ÂÈ,857252014, /sum 5 9
—Â„ÂÈ,857252014, /time
–°–µ—Ä–≥–µ–π,857252014, /time
–°–µ—Ä–≥–µ–π,857252014, /NY
–°–µ—Ä–≥–µ–π,857252014, /hi
–°–µ—Ä–≥–µ–π,857252014, /W_City –†–∞–¥—É–∂–Ω—ã–π
–°–µ—Ä–≥–µ–π,857252014, /sum 5 9658
–°–µ—Ä–≥–µ–π,857252014, /sum 5 9658
–°–µ—Ä–≥–µ–π,857252014, /W_City –ú–æ—Å–∫–≤–∞
–°–µ—Ä–≥–µ–π,857252014, /Game
Vera,1006463036, /W_City
Vera,1006463036, /hi
Vera,1006463036, /time
–°–µ—Ä–≥–µ–π,857252014, /Game
Vera,1006463036, /W_City
Vera,1006463036, /NY
Vera,1006463036, /sum
Vera,1006463036, /hi
–°–µ—Ä–≥–µ–π,857252014, /Game
–°–µ—Ä–≥–µ–π,857252014, /Game
–°–µ—Ä–≥–µ–π,857252014, /Game
–°–µ—Ä–≥–µ–π,857252014, /Game
–°–µ—Ä–≥–µ–π,857252014, /Game
–°–µ—Ä–≥–µ–π,857252014, /Game
–°–µ—Ä–≥–µ–π,857252014, /Game
–°–µ—Ä–≥–µ–π,857252014, /hi
–°–µ—Ä–≥–µ–π,857252014, /Game
–°–µ—Ä–≥–µ–π,857252014, /Game
–°–µ—Ä–≥–µ–π,857252014, /Game
–°–µ—Ä–≥–µ–π,857252014, /Game
–°–µ—Ä–≥–µ–π,857252014, /Game
–°–µ—Ä–≥–µ–π,857252014, /Game
–°–µ—Ä–≥–µ–π,857252014, /Game
–°–µ—Ä–≥–µ–π,857252014, /Game
–°–µ—Ä–≥–µ–π,857252014, /Game
–°–µ—Ä–≥–µ–π,857252014, /Game
–°–µ—Ä–≥–µ–π,857252014, 1
–°–µ—Ä–≥–µ–π,857252014, /Game
–°–µ—Ä–≥–µ–π,857252014, /Game
–°–µ—Ä–≥–µ–π,857252014, 1
–°–µ—Ä–≥–µ–π,857252014, /Game
–°–µ—Ä–≥–µ–π,857252014, 1
–°–µ—Ä–≥–µ–π,857252014, /Game
–°–µ—Ä–≥–µ–π,857252014, 1
–°–µ—Ä–≥–µ–π,857252014, /Game
–°–µ—Ä–≥–µ–π,857252014, 1
–°–µ—Ä–≥–µ–π,857252014, 5
–°–µ—Ä–≥–µ–π,857252014, 6
–°–µ—Ä–≥–µ–π,857252014, 5
–°–µ—Ä–≥–µ–π,857252014, 6
–°–µ—Ä–≥–µ–π,857252014, /hi
–°–µ—Ä–≥–µ–π,857252014, 5
–°–µ—Ä–≥–µ–π,857252014, 5
–°–µ—Ä–≥–µ–π,857252014, /Game
–°–µ—Ä–≥–µ–π,857252014, /Game
–°–µ—Ä–≥–µ–π,857252014, /Game
–°–µ—Ä–≥–µ–π,857252014, /Game
–°–µ—Ä–≥–µ–π,857252014, /NY
–°–µ—Ä–≥–µ–π,857252014, /Game
–°–µ—Ä–≥–µ–π,857252014, /Game
–°–µ—Ä–≥–µ–π,857252014, /Game
Lera,1090039570, /Game
Lera,1090039570, /Game
–°–µ—Ä–≥–µ–π,857252014, /Game
–°–µ—Ä–≥–µ–π,857252014, /Game
–°–µ—Ä–≥–µ–π,857252014, /Game
–°–µ—Ä–≥–µ–π,857252014, /Game
–°–µ—Ä–≥–µ–π,857252014, /Game
–°–µ—Ä–≥–µ–π,857252014, /Game
–°–µ—Ä–≥–µ–π,857252014, /Game
–°–µ—Ä–≥–µ–π,857252014, /Game
–°–µ—Ä–≥–µ–π,857252014, /Game
–°–µ—Ä–≥–µ–π,857252014, /Game
–°–µ—Ä–≥–µ–π,857252014, /Game
–°–µ—Ä–≥–µ–π,857252014, /Game
–°–µ—Ä–≥–µ–π,857252014, /Game
–°–µ—Ä–≥–µ–π,857252014, /Game
–°–µ—Ä–≥–µ–π,857252014, /Game
–°–µ—Ä–≥–µ–π,857252014, /Game
–°–µ—Ä–≥–µ–π,857252014, /Game
–°–µ—Ä–≥–µ–π,857252014, /Game
–°–µ—Ä–≥–µ–π,857252014, /Game
–°–µ—Ä–≥–µ–π,857252014, /Game
–°–µ—Ä–≥–µ–π,857252014, /Game
–°–µ—Ä–≥–µ–π,857252014, /Game
–°–µ—Ä–≥–µ–π,857252014, /Game
–°–µ—Ä–≥–µ–π,857252014, /Game
–°–µ—Ä–≥–µ–π,857252014, /Game
–°–µ—Ä–≥–µ–π,857252014, /Game
–°–µ—Ä–≥–µ–π,857252014, /Game
–°–µ—Ä–≥–µ–π,857252014, /Game
–°–µ—Ä–≥–µ–π,857252014, /Game
–°–µ—Ä–≥–µ–π,857252014, /Game
–°–µ—Ä–≥–µ–π,857252014, /Game
–°–µ—Ä–≥–µ–π,857252014, /Game
–°–µ—Ä–≥–µ–π,857252014, /Game
–°–µ—Ä–≥–µ–π,857252014, /Game
–°–µ—Ä–≥–µ–π,857252014, /Game
–°–µ—Ä–≥–µ–π,857252014, /Game
–°–µ—Ä–≥–µ–π,857252014, /Game
–°–µ—Ä–≥–µ–π,857252014, /Game
–°–µ—Ä–≥–µ–π,857252014, /Game
–°–µ—Ä–≥–µ–π,857252014, /Game
–°–µ—Ä–≥–µ–π,857252014, /Game
–°–µ—Ä–≥–µ–π,857252014, /Game
–°–µ—Ä–≥–µ–π,857252014, /Game
–°–µ—Ä–≥–µ–π,857252014, /Game
–°–µ—Ä–≥–µ–π,857252014, /Game
–°–µ—Ä–≥–µ–π,857252014, /Game
–°–µ—Ä–≥–µ–π,857252014, /Game
–°–µ—Ä–≥–µ–π,857252014, /Game
–°–µ—Ä–≥–µ–π,857252014, /Game
–°–µ—Ä–≥–µ–π,857252014, /Game
–°–µ—Ä–≥–µ–π,857252014, /Game
–°–µ—Ä–≥–µ–π,857252014, /Game
–°–µ—Ä–≥–µ–π,857252014, /Game
–°–µ—Ä–≥–µ–π,857252014, /Game
–°–µ—Ä–≥–µ–π,857252014, 9
–°–µ—Ä–≥–µ–π,857252014, 1
–°–µ—Ä–≥–µ–π,857252014, /Game
–°–µ—Ä–≥–µ–π,857252014, /Game
–°–µ—Ä–≥–µ–π,857252014, 1
–°–µ—Ä–≥–µ–π,857252014, /Game
–°–µ—Ä–≥–µ–π,857252014, 1
–°–µ—Ä–≥–µ–π,857252014, 1
–°–µ—Ä–≥–µ–π,857252014, 5
–°–µ—Ä–≥–µ–π,857252014, 9
–°–µ—Ä–≥–µ–π,857252014, 9
–°–µ—Ä–≥–µ–π,857252014, /Game
–°–µ—Ä–≥–µ–π,857252014, 1
–°–µ—Ä–≥–µ–π,857252014, 1
–°–µ—Ä–≥–µ–π,857252014, /Game
–°–µ—Ä–≥–µ–π,857252014, 1
–°–µ—Ä–≥–µ–π,857252014, 5
–°–µ—Ä–≥–µ–π,857252014, 9
–°–µ—Ä–≥–µ–π,857252014, 0
–°–µ—Ä–≥–µ–π,857252014, 7
–°–µ—Ä–≥–µ–π,857252014, –û
–°–µ—Ä–≥–µ–π,857252014, /hi
–°–µ—Ä–≥–µ–π,857252014, /time
–°–µ—Ä–≥–µ–π,857252014, /NY
–°–µ—Ä–≥–µ–π,857252014, /Game
–°–µ—Ä–≥–µ–π,857252014, 1
–°–µ—Ä–≥–µ–π,857252014, /Game
–°–µ—Ä–≥–µ–π,857252014, 1
–°–µ—Ä–≥–µ–π,857252014, 5
–°–µ—Ä–≥–µ–π,857252014, 9
–°–µ—Ä–≥–µ–π,857252014, 9
–°–µ—Ä–≥–µ–π,857252014, 1
–°–µ—Ä–≥–µ–π,857252014, /Game
–°–µ—Ä–≥–µ–π,857252014, 1
–°–µ—Ä–≥–µ–π,857252014, 4
–°–µ—Ä–≥–µ–π,857252014, 4
–°–µ—Ä–≥–µ–π,857252014, /Game
–°–µ—Ä–≥–µ–π,857252014, /Game
–°–µ—Ä–≥–µ–π,857252014, /Game
–°–µ—Ä–≥–µ–π,857252014, /Game
–°–µ—Ä–≥–µ–π,857252014, 3
–°–µ—Ä–≥–µ–π,857252014, /Game
–°–µ—Ä–≥–µ–π,857252014, 1
–°–µ—Ä–≥–µ–π,857252014, /Game
–°–µ—Ä–≥–µ–π,857252014, 1
–°–µ—Ä–≥–µ–π,857252014, /Game
–°–µ—Ä–≥–µ–π,857252014, /Game
–°–µ—Ä–≥–µ–π,857252014, 1
–°–µ—Ä–≥–µ–π,857252014, /Game
–°–µ—Ä–≥–µ–π,857252014, 1
–°–µ—Ä–≥–µ–π,857252014, /Game
–°–µ—Ä–≥–µ–π,857252014, 1
–°–µ—Ä–≥–µ–π,857252014, 5
–°–µ—Ä–≥–µ–π,857252014, 9
–°–µ—Ä–≥–µ–π,857252014, 6
–°–µ—Ä–≥–µ–π,857252014, /Game
–°–µ—Ä–≥–µ–π,857252014, 1
–°–µ—Ä–≥–µ–π,857252014, /Game
–°–µ—Ä–≥–µ–π,857252014, 1
–°–µ—Ä–≥–µ–π,857252014, 5
–°–µ—Ä–≥–µ–π,857252014, 9
–°–µ—Ä–≥–µ–π,857252014, 9
–°–µ—Ä–≥–µ–π,857252014, 8
–°–µ—Ä–≥–µ–π,857252014, /Game
–°–µ—Ä–≥–µ–π,857252014, /Game
–°–µ—Ä–≥–µ–π,857252014, /Game
–°–µ—Ä–≥–µ–π,857252014, /Game
–°–µ—Ä–≥–µ–π,857252014, /Game
–°–µ—Ä–≥–µ–π,857252014, 4
–°–µ—Ä–≥–µ–π,857252014, 5
–°–µ—Ä–≥–µ–π,857252014, /Game
–°–µ—Ä–≥–µ–π,857252014, 1
